feature_0,feature_1,label
4.1887666938431884,8.383903288428794,1
9.95714295476284,5.151873172295419,2
10.097484037087751,3.4657752571366833,2
0.20838280794755248,-2.0417348684242906,0
4.46576440181773,9.463975455030319,1
1.8466369960476658,-1.0700847663261526,0
-2.081929407883722,1.6964563682900382,0
7.699041660146029,5.013261186398124,2
0.25755039072276437,-0.07444591576616721,0
2.5390049390744585,8.1665650999375,1
-0.24123605785632987,0.3520553965142968,0
4.110045362668816,10.502319568421996,1
10.190658208485592,5.322794100625387,2
9.441664328340636,5.059349287058587,2
3.950605643414275,7.16271257209428,1
-0.03955515385665504,0.6815006973726244,0
10.344431485541245,4.149068848893582,2
3.9241347067723553,9.258210465166412,1
-0.2646568332379561,2.720169166589619,0
-1.6064463202575725,0.2034636358672231,0
9.967295741037148,4.078573532249872,2
4.918677432945812,10.264884275275735,1
-1.5193699659540134,-0.48423407286625136,0
1.0318445394686349,-1.485560373036972,0
-1.0128311203344238,0.3142473325952739,0
9.682544222443292,4.673952711953703,2
5.558703615441859,9.557198147814196,1
-0.600638689918805,-0.2916937497932768,0
9.73929697437802,5.87696187502422,2
3.858826689094223,8.204911179374955,1
-0.15178509503558332,0.5883172064845765,0
9.825076917612256,3.600553778075442,2
9.508073888455936,3.846113040217383,2
4.994314045341671,8.09827321132262,1
-0.26940683444455776,0.7175422557959623,0
-0.007972641316617372,1.4799441388900259,0
4.054785900570883,9.58011978801756,1
7.608736941683732,5.612122064754375,2
-1.7787202489042786,1.496044311489183,0
0.2897748568964129,2.075400798645439,0
9.175600245037561,4.554403757875708,2
3.8674224721582577,8.749660685359267,1
2.293137495072486,9.57865387640855,1
9.518791561687815,5.162747889435959,2
4.153257879615638,9.646904161678085,1
3.956183391717336,10.300057441056342,1
9.475483957962545,4.595308053778838,2
3.8964838484475357,7.826342906097992,1
8.097659392290112,4.03983437074651,2
6.8710630364172145,4.803556521713947,2
2.931008649254802,9.561778204041612,1
5.0865451365485805,8.481284859476755,1
-0.5767713305683327,0.755391225825756,0
7.978747637954269,3.9545844405105544,2
0.22409248181041677,0.01259240078179486,0
0.19584525509768155,-0.978372777615032,0
8.675238328646703,4.541083800302097,2
9.779095488649224,5.326170880043596,2
3.008148641847594,8.311298784408292,1
1.6449677135012837,-0.24903603955637832,0
8.344661558106822,5.227319598817721,2
3.713185168680732,10.849887618590495,1
4.884442126752115,8.706558825730104,1
3.866493429677474,9.6906690928653,1
0.42961821913258585,0.20768768716311115,0
7.944169390488627,5.118863130935288,2
3.695448827840808,9.355612011627874,1
10.756920688048117,5.162299435642577,2
4.686073130546205,7.521868530011564,1
-0.4749453111609562,-0.6533292325737119,0
-0.36361221221385587,-0.056945623721067457,0
-0.3609661658190799,1.159329803364248,0
8.825903854722922,5.925912407190465,2
0.28586539072490497,0.334456789987025,0
2.9587780944135806,9.376548121182937,1
-0.037634702424848364,1.1033018820165215,0
7.835792730518914,4.21213726885658,2
0.5765569630557664,0.3112501545435361,0
-0.0349884904969617,1.77080063563551,0
9.245477262469155,3.7532019406571386,2
11.21412824489768,4.28336560879954,2
4.769241005751314,9.06034194143535,1
-0.5923939242388692,-0.863990769679816,0
1.1631637521549596,0.010233061019587049,0
-1.3985675738191412,0.5629692366905709,0
-0.8222203955664315,0.2436872114919123,0
7.38824987444228,4.019990644260253,2
-1.1105758454658288,1.7522704434236227,0
-0.4344962274323156,-0.30917212346863937,0
0.01843393306539316,0.34758170536167105,0
0.27157883719537346,-1.2767485758203094,0
1.1581108735000678,0.7916626939629359,0
-0.846793718068405,-1.5148472246858646,0
4.224615072065846,8.842777728309123,1
-0.03471176970524331,-1.168678037619532,0
7.877152541160601,5.066781040999396,2
0.570890510693167,1.135565640180599,0
4.126884408092724,11.739862252628546,1
3.7179874100193655,8.666088560751025,1
8.236169817390447,3.1370831091650127,2
10.693236045349908,4.091412010404056,2
1.586016816145352,-1.237815498826849,0
-2.0674421000398766,-0.08912003951278841,0
-0.9746816702273214,0.787084603742452,0
10.372343089931482,5.879483416196175,2
-0.5305011476105275,-0.57581824064468,0
2.1330333746562666,-1.9520877995225019,0
7.957403146363539,4.247579174110843,2
3.507003487616668,8.93459877834579,1
8.871296267075119,4.375059719557106,2
-0.6465728842425266,-1.081548003614395,0
9.97514101678472,3.205302200115511,2
-0.07443342910004629,0.620672097550678,0
4.179689160770784,7.781597333824747,1
1.4205042479898549,-0.5707462937494763,0
10.074071282606258,5.272948863635533,2
4.93568394392349,8.602943926887583,1
0.27669079933001905,0.8271832490360238,0
8.869416072285455,6.323986281124749,2
9.469680874215301,5.273350030509965,2
3.2805156888672906,10.964188851995088,1
10.471847403623796,4.138112995689254,2
2.464320561862311,10.63951279040364,1
4.908701660613795,11.577931544787425,1
1.4469778843537329,0.19655477651157463,0
4.480885570269441,9.991594697228459,1
-0.016422896072752075,1.188393273448084,0
4.424887221050524,8.217505545368786,1
-0.46341769281246226,-0.46572975357025687,0
0.058208718445999896,-1.142970297830623,0
3.2425813962866927,10.168139956029313,1
9.62016472614124,4.628511418202408,2
2.0499258555008586,9.646170465360695,1
1.7504570146254594,12.275927672108146,1
10.365660056564135,5.179813391024019,2
9.27378535909683,4.598087059687995,2
8.22288344863123,4.96824025754242,2
3.284763584652941,9.457961072590688,1
-0.6769220003059587,0.6116762888408679,0
10.126798884383854,3.466922704492636,2
8.939941806028125,4.963061993127073,2
5.386891019238465,9.988400880561645,1
4.019672133386437,8.985709302067608,1
9.862085413733551,5.695588800103419,2
-1.1227220215622986,0.3824097461840506,0
1.3993554365860021,0.9246336829127688,0
4.613760772241135,9.190125024255451,1
0.09965136508764122,-0.5034756541161992,0
-0.5449190868089497,0.39913611435207086,0
0.0184183791895517,1.6764373122752827,0
-0.7271371758248686,-0.24751863555150475,0
4.8364388205777304,10.848792511030076,1
3.5634513897620193,8.887346121993104,1
-1.4785862457798415,1.143754043206929,0
8.99905601949969,5.47899755563018,2
8.931162890930157,4.441815468845158,2
4.611227015452152,9.65435742556311,1
10.14120114509881,5.026194985531908,2
0.25602973431387566,0.9826909839455139,0
0.7910319470430469,-0.9093874547947389,0
10.026753168283872,4.94519759131795,2
-1.2002964070557762,-0.3345012358409484,0
2.742405021283493,9.246738844224675,1
-0.966976143129213,-0.047711356141979855,0
0.06428001909546277,-1.0777447779293061,0
-0.20812225035727522,-0.4930009346588328,0
1.7134616825901188,9.985600815598573,1
10.496660188473747,6.6930511477873775,2
4.323069398350505,10.328825413234494,1
8.66441938183401,3.347030516002836,2
9.475804851900946,5.205815123846567,2
3.1677239630349576,10.033103515392593,1
10.89802502914429,5.5308237771590445,2
3.641974593313506,10.102266306736508,1
0.7116148780888898,-1.1246420918378692,0
3.6176005806983227,8.246986913032865,1
0.47897982574639186,0.3336621052869483,0
0.08228398927542419,1.0654803750653512,0
-0.26987493529337125,-0.9787637157823074,0
4.054592204873769,10.45577667405611,1
11.46233800474379,4.073637477105488,2
0.19109906801990334,0.04643654815614881,0
-0.4461834332147797,-1.889540730945531,0
9.577133188306336,6.15362852641264,2
3.1012329155219147,9.78645957229201,1
-0.04946370965243295,0.6748194921666038,0
0.33231401197959165,-0.7484865365565536,0
8.363818936107316,4.851113153349457,2
4.377106180242406,9.87305692449797,1
9.01087263073496,5.066669268169349,2
8.972302122493005,4.868095590248512,2
3.1515396518061056,8.327926701433771,1
4.314947728934728,9.831284745711296,1
1.7642763295955604,8.53035715135372,1
8.538770518254752,3.936828818448566,2
-0.4606387709597875,1.0571222262189157,0
4.119917140394903,7.582283492244525,1
0.005243699718183166,0.046980593764742055,0
11.029437313759123,5.458584351469677,2
8.35875245309569,5.840419994924391,2
10.599630252914851,4.270531143937512,2
5.3995809718462855,9.768990823002929,1
4.078180345094187,8.82906267424565,1
4.628226600613462,9.437471718854644,1
5.622095031769405,9.3360899219108,1
10.174105313246883,5.025581319306842,2
-0.020901593964148132,0.117327383308782,0
2.36047491403406,10.400763241875334,1
2.3146585666735087,-1.867265192591748,0
1.8489560949453452,1.1265650295477574,0
4.2375794361457375,10.20832937676458,1
-0.16128571166600914,0.4040508568145384,0
11.574998682210865,4.357582674171455,2
8.711990788865767,4.6425462103650545,2
2.1931744144087695,9.039839511653401,1
0.2704568257798388,-0.05023810944913695,0
0.9154021177020741,0.32875110965968446,0
2.5269324258736217,-0.5308687729203206,0
4.086700425835097,10.286816487876866,1
3.218040774961106,10.130221487984674,1
3.2634818668697028,9.332786593685395,1
5.613674398704866,9.574502808122183,1
3.2736938539637173,9.499682663654253,1
9.803098065887434,5.5288785144552826,2
9.497742785856396,5.151727490092663,2
3.16930890800135,7.2716425213750915,1
9.038512655806132,2.998031274178773,2
3.591181550312127,10.385921211121886,1
4.2074884440544285,9.560099892683436,1
3.236853683538148,7.914238871685895,1
0.6543656563540577,-0.05558467091045507,0
-1.4480843414973241,-1.4074637743765552,0
10.669386296091721,3.623442843777771,2
8.574656158396479,5.243000300525836,2
5.974505933384883,8.998589510292978,1
3.551355896497614,8.734530675206155,1
9.022028484021336,6.057075909388198,2
1.551151975522523,0.11567463429285867,0
3.323963202025853,8.928957264703623,1
4.080515530181491,8.785012845637464,1
5.61309507983756,8.73854295283355,1
-0.5551995266931984,1.8811570694405901,0
-0.4593608995402441,-0.8498443694647918,0
-0.773789199103573,-1.244654703311417,0
9.146658417295365,5.207795805999796,2
5.501506918073597,8.815858669236812,1
3.688792808296829,8.98690585479464,1
5.075601717528795,7.910571323311159,1
0.055724912288694604,1.0941915184709485,0
3.242612998224012,10.06601926652939,1
-1.5506634310661327,0.06856297480602733,0
10.46261140963345,4.52865735127493,2
4.205305739023335,10.478629584471296,1
8.39012636648655,3.7791978449384973,2
8.579930570681325,4.196507535757232,2
9.088146243254833,4.559197156985214,2
0.132969674146876,-0.7001208149391732,0
4.184884136969841,8.386388088352968,1
0.36139560550841393,1.5380365664659692,0
-0.9758732529773327,1.0536417966078395,0
8.925719757135768,5.464196261897254,2
-0.7904744554453119,0.4714683571359957,0
11.092489468012973,4.708964312440665,2
4.399237026780238,8.878632460864235,1
-1.5255251709247388,-0.6919080698812444,0
9.664983060654745,3.9426261971208434,2
3.6471991294344606,8.771354726633463,1
-0.5245202662797737,0.48937456122791806,0
-0.11564828238824053,-0.3011036955892888,0
0.3577873603482833,0.5607845263682344,0
4.910193754415618,9.730706087649335,1
10.31421739351396,3.9873551883705294,2
7.7494701642537525,3.9270437225817973,2
3.864763934255719,8.390967459300327,1
7.86761586592629,4.789348953813177,2
9.196393498893592,5.449766346101774,2
7.874372914567833,3.7761113501372066,2
-1.251539424190444,1.4437646040732595,0
8.799568813882736,4.638760792405477,2
4.962138367202753,9.159490787120093,1
4.499649201334572,8.115386573249745,1
4.850982861701612,10.753761961996384,1
2.9467958347854006,8.994091582726536,1
4.04670520965402,9.141225158601566,1
-0.2453881160028705,-0.7537361643574896,0
3.2471694809146525,7.815089345040653,1
1.4412732890661155,-1.4358621511794394,0
0.4400144500533324,-0.5020542243526112,0
4.549012497271567,10.311652995933477,1
10.514388680464616,4.528844088381993,2
-3.2412673400690726,-1.0243876413342898,0
9.143968509861025,3.992371640409702,2
10.155492998494799,5.797115887395427,2
8.229559516597964,4.659542485917301,2
10.009782541524899,5.492263800791289,2
4.066025379757633,10.530181424792751,1
3.700843569726447,9.008358438714726,1
8.928596808457083,4.332953264591399,2
0.173180925851182,0.3853173797288368,0
8.523358433022112,4.682088893436315,2
9.957525845725005,3.3669459525901546,2
0.924027019206901,-0.18490213644298903,0
4.805207711591923,8.8479045942595,1
1.477894044741516,-0.5182702182736474,0
9.912015444777857,5.00890312987915,2
9.535209523310677,4.881985312875644,2
-0.30777823495300083,0.21915032766393897,0
9.147382176531432,4.759799058776432,2
8.294464077735505,5.7189300695863245,2
5.183125775165264,9.11531107614927,1
-0.4455025214007718,1.453384477117701,0
-1.0810565404082624,1.0531528533329035,0
4.397333828129136,10.511837683611109,1
3.8219928820111626,9.466941548751633,1
3.8392106497249707,9.615219965671272,1
9.319378715107682,4.056321078426851,2
0.5597904479310398,1.0807807255546218,0
-1.4153707420504142,-0.42064532276535904,0
6.043439441869658,8.532464215444813,1
1.1492733262856758,-0.7031764251258874,0
-0.6518361078021592,0.047398671316414016,0
5.570058920062023,8.679294875579211,1
3.748682713976463,10.09105368565109,1
3.402944766304781,10.712165901738185,1
4.209210501720184,8.885825636321863,1
8.982154070644576,6.048240378386266,2
-0.44643361455052827,0.19408999289830758,0
2.660365565601814,7.673804258238332,1
9.49616338134031,4.835309280636136,2
8.46138094075181,4.690295536320812,2
4.971917553543502,9.236162291919047,1
3.3218836299467664,9.322730441645188,1
1.030999522495951,0.9312801191161986,0
9.391838923253989,3.1549631552189226,2
3.6287546911808097,7.469595064570562,1
8.967136695397038,4.456828056099981,2
4.977441349198424,9.747317259355329,1
9.422156240026803,5.82817725733608,2
6.53047457562119,7.6352088100529985,1
8.837969146015555,5.062995078468937,2
10.407468457304734,4.368053087698506,2
0.24196227156603412,-1.913280244657798,0
8.86740163236853,4.0654856717684735,2
9.068240580117568,5.290926831874153,2
1.9647251329163893,0.03526355197172861,0
5.071835383267151,9.857132449113218,1
2.9506925265595596,10.224161254623183,1
8.218769998765092,5.4178135616654295,2
-1.0623037137261049,0.4735924306351816,0
9.933049759196235,6.27910080826499,2
5.528146388740524,10.147996227790786,1
8.927008098119272,5.437942286697759,2
5.947634805240552,10.346545369041294,1
-0.5297602037670388,0.5132674331133561,0
3.7875430963198933,9.157028761392999,1
5.3788197975636765,8.867055537405584,1
0.6141667000434252,0.7575077100473051,0
-1.3044695005048532,0.6696725488300385,0
4.7466047169639,8.555101699879213,1
11.451717477559834,3.040366763206401,2
3.4200947267359125,7.543476071181356,1
-0.3152692446403456,0.7589692204932674,0
10.426726170102436,4.238101354549401,2
-1.5839028234857233,0.7604146561442974,0
3.9994016391419196,7.699901160130785,1
2.3235853717176123,8.609126461101857,1
4.802458903306636,9.484667614346144,1
-1.0676204293825944,-0.1423794850212935,0
5.190471471482308,7.475687150412478,1
0.6427227598675439,1.3291525301324314,0
2.8975401214532375,8.03458982123238,1
3.637440102420608,10.745524714468145,1
0.5868570938002703,2.1904556258099785,0
1.2065089665083568,-0.8169356709872361,0
3.8586163235535187,10.910430735117895,1
10.333728009701014,4.369987804960038,2
2.407219659830026,9.321539058227307,1
4.0625727838813805,8.77115129936483,1
3.723064264660391,8.393276493641702,1
-0.16711808031685435,0.14671368643332283,0
4.47282503007943,8.663275481825627,1
-0.5589218472715883,0.37721187506452086,0
2.1531824575115563,-0.7673475628880495,0
9.883884200746117,4.2967999037785685,2
4.268066680835708,9.568220785639221,1
0.3227185603380895,-0.827230943552323,0
3.1321666397374788,8.857504061581377,1
1.158595579007404,-0.8206823183517105,0
9.616534033131812,2.474041895110252,2
10.018756271714441,4.804418808636166,2
4.639472849708687,9.519337523330929,1
5.42824118117203,11.144272026607275,1
0.8294055811834892,-2.211135309007885,0
10.158605885855419,4.395294555338091,2
-2.025142586657607,0.18645431476942764,0
4.799715854837404,8.335000187767807,1
8.586036064816025,5.559908933155206,2
9.280579596927668,4.540420197808955,2
-0.2176812032272203,1.09877685198719,0
-0.01901620790268883,-1.0025293646378088,0
0.7216720640432351,-1.1290517712172292,0
10.243484109676086,4.82000488037374,2
10.351323685574142,6.077279050668435,2
9.21909714054897,4.363110929046673,2
5.618646228089247,11.369479284640784,1
3.910350685276913,10.55039969386358,1
9.401329327435956,4.152948898757829,2
10.894879897557987,4.0041848091787475,2
9.551232160960437,5.347290793277175,2
9.408098602994993,3.8888483858067007,2
3.8708213794311592,9.71747063804924,1
9.513514888004377,3.1560169602839085,2
9.298502729928567,3.055990076053706,2
5.151839069468855,8.272004290233651,1
8.272076037655204,3.5625639626743495,2
3.9647664189202456,7.139978453916044,1
9.299422488612278,6.266078540645471,2
0.82206015999449,1.8967929826539474,0
1.1950466289248425,-1.5231869047837747,0
-0.9649234605801045,0.6860514599984393,0
9.913752631854075,4.6242250326114425,2
0.34272534637770413,0.4567532191537839,0
8.741103094265853,4.686603931331013,2
4.972026794435733,9.612877371328105,1
8.466722208968141,2.6419826832448736,2
7.567469335166958,3.7442233641379508,2
9.705347652235751,5.102351464008847,2
2.813388202864348,9.377426002559302,1
0.5150352672086598,0.5137859509122088,0
3.2399039187603518,10.913490031057664,1
0.57707212718054,-0.2030453860429927,0
9.84292618603577,2.5045818672658284,2
4.2534185420054955,10.976362815243274,1
2.795732151161309,10.549111518194422,1
9.241257033937368,5.070966749363787,2
11.053394950606533,5.590058060532671,2
-0.5397596803093615,-0.7783047254023127,0
-1.7033824393551547,-0.05554769889661878,0
8.753539339707096,4.781429247056851,2
2.8237377004572752,9.5664862356558,1
-0.2595913513636048,-1.5031429531181062,0
9.443837722669572,3.7561797407266377,2
0.7077519354554754,-0.5624667758942676,0
5.563832042680596,8.584590896740156,1
5.357301556097763,8.928855461296285,1
9.89014239340626,5.067896905035559,2
0.013929291912946203,-0.024125087110003277,0
-0.898414671348358,0.4919191715065057,0
8.106961854211539,6.59188437414826,2
4.558704929806886,11.038061073343368,1
3.7360756415716283,9.263755591919693,1
-0.8895144296255233,-0.8158102849654383,0
4.679619949156368,7.389647165209971,1
10.706151406199083,6.289622653625962,2
2.7951647983889565,8.727364850493567,1
4.153523542676058,9.459876944644165,1
8.442752989516809,5.002535424864261,2
-0.48536354782910346,0.08187413938632256,0
4.0270174755153585,7.3697397728853,1
3.25941400401419,10.000572610830911,1
5.075044600078797,9.846482985649216,1
9.025264035048535,5.861757591780025,2
3.880060317064262,9.976669912899794,1
3.272728565063215,8.835709451960023,1
3.8605771576127097,10.310908157707516,1
1.4511436077950417,0.9592708260852069,0
9.187829373643993,4.891937279320461,2
9.80202165764667,4.905082734528281,2
-0.033126972873797095,1.7945578635177877,0
2.329549329944404,8.710063977482239,1
-0.2234627853258509,0.714000494092092,0
-0.9857260463355437,0.5040465155178444,0
8.129405969571135,3.7853505151959546,2
9.379812645955276,2.8283620414510007,2
-0.0821511783925688,1.1172958315881276,0
9.973498641541134,5.744757413438719,2
0.09699596499271819,0.5951570254369136,0
0.5470973811700379,-0.20219265243389406,0
8.445905384862277,3.251938089073918,2
8.051319740594204,4.337956045683038,2
9.394677143747588,3.7715523179166937,2
9.659111409366853,7.2976420388979495,2
1.2012139221639448,-0.4080753730215514,0
10.711059084866502,3.5335546952684034,2
-1.6924646297148194,1.5295503194606137,0
11.429434326794635,4.098861670655515,2
9.244876178838581,3.680375230649148,2
-0.45006547147924364,0.6228499323474987,0
1.8820244964750337,1.3454200461549777,0
-0.6800247215784908,0.23225369716100355,0
0.29307247329868125,-0.7143514180263678,0
3.8312372279878684,9.423733213305809,1
4.757428526061399,7.792199458201403,1
4.564057099943424,8.650267730302449,1
8.839914504218719,3.414941715827091,2
10.134522561476754,5.542178512544011,2
0.9382838059759977,-0.5160447282173739,0
10.048404706285549,2.8187418829833413,2
-0.4523063192490767,-2.4238793266289567,0
9.422872442466879,6.3087138911729435,2
10.522594599665798,5.774198367345226,2
3.594319959688611,7.574988329751495,1
8.988073971849422,4.252687057100943,2
8.38564385570196,3.819846466789749,2
0.09933230542922587,0.751387123371789,0
1.9068314182283672,9.886089394565685,1
9.347727772666815,6.1157633051647995,2
4.285819180356796,8.486822244656322,1
9.770901381791443,3.0879658254966613,2
11.175234267620729,5.676151527152339,2
-0.7728252145375718,-0.23681860674000887,0
-0.883857436201133,0.1537251059455279,0
3.6400687404742063,8.29493254313196,1
9.769501022057842,4.370200574601131,2
5.2785965286684835,8.888132623849199,1
0.25972250172148187,-0.9043166251044086,0
0.9261775475316414,1.9094166404701305,0
0.25988279424842353,0.7818228717773104,0
-0.5893647569442115,0.8496020970210246,0
0.08658978747289992,-0.15567723539207948,0
0.6453759495851475,1.3686315575323487,0
10.039882818937949,3.5849440362253366,2
1.305478807154329,0.02100384163275905,0
7.505173075332513,5.497205713216761,2
5.362671578330051,10.518270492595603,1
11.055817579612722,3.589514183089584,2
0.9504238381860503,-0.5769036556624031,0
3.5769221515542915,8.386022732857569,1
9.824926940344042,3.039805603555397,2
-0.08973569428722672,1.4401172154494728,0
-0.7128457826771644,0.10643022769189683,0
3.177724461693692,7.624464745835325,1
8.817442339192212,5.459133601984068,2
-1.1509935774223028,0.37569801834567196,0
0.3384964074944141,-0.4152879139008013,0
4.7561989592929095,9.633861026420757,1
9.77185243818511,5.067793170185038,2
-1.236950710878082,-1.3204566130842763,0
0.3436182895684614,-1.763040155362734,0
10.344432957433622,5.491899212184195,2
3.350803042650232,9.04764585614399,1
-0.18687164416135904,-0.4397310582741749,0
3.3286394435963214,7.768376158869074,1
2.5192525301887336,8.913413736555468,1
10.535486800543229,7.36426841382853,2
0.6982233136135899,0.3934853854217496,0
9.914778123664576,5.383544878429566,2
10.535213277090971,5.2216143244941495,2
5.187872518002953,10.699690335175005,1
10.157328958756969,6.0918545302533795,2
9.01915606557016,4.786034995031423,2
0.12810441491078928,-0.6810516574748808,0
4.507703118460205,8.768568802404518,1
5.770717534538764,10.68142266672034,1
8.882920937392296,4.728156070873035,2
10.19503483519253,3.3113354170462888,2
0.8254163489880298,0.8135096360006385,0
4.424427307653788,10.210686475757953,1
3.711171471908746,8.382433978955307,1
0.5931012579683838,-0.3095464393139903,0
10.67535584947121,4.112705927411247,2
9.573344432583294,5.900480156780467,2
9.482340051672525,3.9442872354440053,2
9.885039689003847,3.743520464743882,2
3.6626652462323026,8.788862342329955,1
9.426379709570243,3.1994185281138776,2
4.608512586431926,8.765345986356385,1
4.987090863602726,11.096526592668745,1
4.4989051336667245,8.084763575274495,1
4.835685364045479,7.653281169998248,1
-2.650969808393012,1.0915068519224618,0
3.4033877064221225,8.18485053018944,1
0.7569886166453519,-0.9221653241776254,0
3.778829084599926,9.58589606425843,1
9.51619606844007,3.6024209191359797,2
10.027576830723872,5.230239308563453,2
-1.1063349740060282,-1.1962066240806708,0
1.2557561255735208,-0.8946073022195039,0
8.627642964425263,3.952519486324392,2
10.125726985580489,3.1015280731576347,2
4.37086404589863,8.291822483457278,1
-0.7303666317171367,0.21645858958197486,0
-0.4442932600761116,0.3773004930448522,0
8.895223651674305,4.8440128754528295,2
3.96295311966441,7.855186914259582,1
9.155429369789506,4.756366367166192,2
10.59267570894681,6.0531076048103785,2
10.207768995824152,4.893332037742476,2
-0.5227230205190395,1.0490092258368893,0
9.005234745284847,4.870486604569501,2
2.839220245922215,9.674831890975438,1
1.8861859012105302,0.17457781283183896,0
1.5231987930623165,8.128448433738214,1
10.300375157711983,3.7374781592065522,2
8.644832486487783,5.12712248018321,2
-1.0708924980611123,0.4824724152431853,0
0.24380071377119883,-0.5640786307367284,0
3.6273351659370525,10.73682630895287,1
9.809136859612883,6.035975156748636,2
8.886410066305652,3.767345943867752,2
3.9431443535012396,9.40677141731141,1
3.7651830799963735,9.557711582355179,1
-0.8182206832334725,2.0923872756854602,0
0.2110174672026184,-0.09671311187039239,0
10.370632323806948,3.973030645752121,2
9.19631396271254,4.324848206421618,2
-0.7832532923362371,-0.3220615162056756,0
3.753497482221581,8.16364983377751,1
3.181119372845746,9.082410060790446,1
3.2839191682423743,9.606953394523176,1
1.502357052096028,0.07409478041977519,0
3.2320555454767312,7.3075462415916945,1
3.0788808084552377,1.1195749114345768,0
4.52486145063334,7.995174225717668,1
4.322691032761822,10.042113979534347,1
6.727772050319114,4.104878198765822,2
2.7938184639315757,8.82177068875335,1
3.8667116227164224,8.834999355613876,1
-0.9896048202585809,-0.12578692009964815,0
-1.0810633275998973,0.6159356069442637,0
2.998639050802055,8.700720838124742,1
3.9915067347501147,7.804153643529947,1
0.24496657110872277,-0.5069431753711298,0
8.868576598279052,4.815892067196925,2
-0.926930471578083,-0.05952535606180008,0
11.275788074555201,5.84355472785689,2
9.24667697770433,3.61025900030894,2
8.757358002296748,4.374083749737202,2
-0.21967188783751193,0.3571125715117464,0
0.5193465142411723,1.5327389130025777,0
0.44381942814622843,0.7746340534293368,0
10.038157753218703,3.724794021415398,2
5.059255866190796,9.507821330646246,1
0.18186625505849516,0.24822058630033608,0
10.110694923253575,3.36534998006398,2
9.842758558518653,4.2910786887450545,2
10.835935488882999,3.2957879757983406,2
7.952917706826458,5.717296749907378,2
9.737838222046273,4.798198286284997,2
8.870532228506136,2.3990423178183833,2
-1.5151910621985523,1.3668742674445247,0
3.5211784990612696,8.298969471109146,1
4.451640874235699,7.377416379292334,1
-0.949398888831943,2.632382064837391,0
0.822544912103189,-1.2208436499710222,0
3.7977682693988197,8.768168108566025,1
1.593186626639397,-0.5112156764311852,0
2.4677654956711232,7.377370326467376,1
10.349793967176872,3.9548431480691852,2
8.951188495109756,4.756963246951175,2
9.56048634267825,1.6134724040167292,2
2.1439440893253257,0.6339190223180112,0
11.498883112273989,4.61140821947745,2
8.388030954181547,3.518783246032267,2
3.67710797131813,8.28765868423885,1
0.18676676447707832,-0.7553829323533225,0
10.527224510767267,3.6065477476030394,2
4.447050676545394,8.842698820418992,1
4.194181768108257,8.74653057102636,1
9.162218862521195,4.603899780340806,2
3.537479094196296,8.788921434129723,1
9.56116989933768,2.3853080021699173,2
5.107164924129508,9.720276841916768,1
11.284583242777458,4.386562479525079,2
5.196439974723763,10.533862949238108,1
7.237045659719376,2.4839082222823863,2
4.110815954356041,10.070769970321242,1
-0.26888869055483056,-1.1065259087416703,0
-0.6506425691218269,-0.48712538376469605,0
-1.6074832345612275,0.1846338585323042,0
-0.04015795064434341,-1.4307751021180481,0
8.877766698352707,6.02697823661596,2
3.210952953629773,8.993660467732633,1
10.32617485521232,4.467236586518056,2
8.85762499761,4.288535518890403,2
2.716018202544795,7.336198700868132,1
1.1828989356049178,9.816054457979059,1
1.1428228145150205,0.7519330326867741,0
5.9486561478473,8.07064622419388,1
-0.4465149520670211,0.8563987943234723,0
2.3049405265720218,10.033217452524267,1
-0.24574306408594432,-0.2727235697476705,0
10.081999952180531,4.421411756197065,2
0.8231705839619146,0.07331796718840389,0
3.0937113076041935,8.83021760880911,1
6.2895468138424295,9.080560341414566,1
9.986068981571943,5.63518896054151,2
10.323451105711017,3.3720850601489434,2
3.421513931305762,9.339338794320991,1
3.785977152124202,8.934505388271186,1
2.3814108545731525,9.898235102137754,1
7.654673592495832,4.874665733308874,2
8.031422076910808,2.3084274217802143,2
0.2891686439078181,2.4553001399108942,0
8.567520712897428,6.1238922985592215,2
9.72844213108233,5.424952387529909,2
4.542032005133916,9.332915333166927,1
9.258259842619978,4.296125586461633,2
0.326133022242118,-1.251113576385303,0
10.141589393953561,5.067199667771404,2
5.787321914357163,9.07751832463353,1
10.557043620717177,3.292389181486046,2
10.104806477266159,3.80029261525746,2
-0.2489641484790735,0.9715709509543554,0
10.571746126855233,3.9789310874212402,2
1.0062928092144405,-0.5768918695231487,0
-0.4694743859349521,0.5425600435859647,0
1.5475052013300616,1.7958776730955217,0
9.810334922128467,4.920764332100231,2
2.2988981236192503,-0.36283856043965906,0
-0.8323555731042287,0.4714155563864041,0
-0.553649305347182,-1.1978778925888485,0
3.082456660634424,10.77729594389222,1
0.2088635950047554,-1.9596701238797756,0
-0.5736620068802363,-0.5468589412403921,0
5.124414300037791,9.159450715184214,1
9.252074638409544,6.094471813519535,2
-0.5443827245251827,0.11092258970986608,0
2.0829915523482097,7.554043195442662,1
8.51884051622634,5.07701465279783,2
-0.34268759408034877,-0.37144086599579146,0
9.061811731921072,4.864888881500338,2
9.8690741912606,2.6769357955718425,2
4.991657161562139,10.325209444008532,1
0.6454841811410754,2.16325472330546,0
4.0113557312520625,8.7087735973229,1
3.9181353776699215,8.384761268101968,1
-0.01851313599238993,-0.2886586389201383,0
-0.24032539815813503,-0.3748208075495975,0
8.868411715187174,5.062294960971005,2
9.45172474217011,4.430254117014616,2
0.22745993460412942,1.307142754282428,0
-0.8289950109220723,-0.5601810401969696,0
-1.5566291735239037,0.6060099513456396,0
9.865972813972492,3.2781362466063695,2
10.959392921580314,4.960221723703112,2
1.8923955860326995,9.512235708295723,1
9.046032472745686,5.193161644688172,2
4.964812062035451,9.099670668947445,1
0.08704706823817122,-0.29900735046586746,0
8.605613811769654,5.730043159332222,2
3.5780969444184136,9.917839670717491,1
-1.2221278088919454,0.7129984301723881,0
0.17770100093325383,-1.3353443587101013,0
8.833789984000038,5.092480659788526,2
9.648618557414757,4.848561572825953,2
10.179783432869073,5.393665062292971,2
3.8596099693550947,8.256304487220433,1
1.3558437058578252,8.85217491656804,1
0.06023020994102644,2.463242112485286,0
9.893675113933032,6.006206967863882,2
-1.594427658794367,-0.5993750229537729,0
3.747675244620381,7.913880902158786,1
8.958847249156777,4.4081417914893555,2
10.100784909875385,5.489839857906444,2
5.416882060947852,10.356940990145468,1
2.6922062222050993,9.281122233211859,1
-0.8604133652839524,-0.38455554422982535,0
-1.3793192280145272,-0.7309300399419191,0
3.150601286014388,10.374272313658588,1
0.6901439917111125,-0.40122047188583626,0
6.8395291540274705,4.607983881514613,2
9.24441051919958,6.057869038238486,2
-1.344450511034277,-0.9186519464841982,0
5.082702730268647,8.979649565421182,1
8.511517966833738,3.6474574600224097,2
3.350167783490107,9.946236936729298,1
3.588567725244163,10.513885951759772,1
0.01300189187790702,1.4535340771573169,0
11.214176556841927,5.583466425699248,2
9.93255729765959,6.060430697064219,2
-0.8392175232226385,-0.3092123758512146,0
-0.5522230442809712,0.6329318177555108,0
-0.9815086510479509,0.46210347426327075,0
3.494373079560333,8.215768953949649,1
8.124202526836328,3.2821504181738823,2
-1.3598561409799192,0.7462535660272207,0
9.733029433187099,3.362847799435828,2
3.2126406043602866,9.417173300671953,1
1.083051243175277,1.053802052034903,0
-0.11453984525261789,1.2378163119734618,0
9.957343620379735,4.973341522234972,2
10.294054536799209,6.142540293330005,2
3.098347476695916,8.517331540197036,1
2.5600845382687947,-0.09605989972464987,0
3.5670772929375367,8.342153281644663,1
1.0291556373256436,0.472597482413043,0
2.1898029332176723,-0.8082982853551515,0
4.5955830457431945,8.702692767878307,1
4.8392678625174,9.425303303649976,1
8.606984161167983,5.139237461039888,2
1.73431582727485,8.419025819205732,1
2.5142300856727986,7.5246177405714105,1
8.352732086799936,3.687105553903189,2
-0.7632591565425169,-1.804882100664519,0
0.3376026620752022,-0.4118769661224674,0
0.3109075655980046,1.475356216949552,0
0.7858001586508322,0.42545756178496474,0
8.559084977563106,3.7727861666870077,2
2.8877457894158636,9.439971038267618,1
0.37114587337130883,-0.6039851867158206,0
-0.7925207384327007,-0.11473644146689901,0
9.352567959448624,4.6979807491941035,2
9.851686419141865,3.702556820559942,2
0.6241198170521551,0.6283455092642799,0
10.357609955367758,4.152518042084372,2
9.724585488686078,5.649696849002206,2
10.87864686316954,5.30251164745648,2
10.047334334758492,4.542417357918142,2
9.115508247255264,3.278560688835414,2
0.6819529712949639,-0.31026675659345604,0
3.4208207718241015,9.032230784144016,1
9.286156502267316,5.526258486841912,2
-0.11232804969082982,-0.22096959953322298,0
-0.03582603910995154,1.5646436558140062,0
3.397281806817881,8.01856170515914,1
3.6750009897764606,8.150999611296967,1
0.3078017688920592,-1.7101683926566256,0
2.7162143928938667,6.265916925166502,1
10.158846216244827,3.238652663716918,2
0.5150476863060479,3.852731490654721,0
7.39116395354576,6.329305024678561,2
4.008428731636439,9.68147716748454,1
4.034798685806266,8.801093167330112,1
4.1935379264132555,9.953916350987448,1
9.767469621370722,4.417279356511078,2
10.722168608579068,4.542604365551421,2
9.35904784992239,4.819321558087979,2
3.7159466060792266,8.684951089120876,1
2.7070914374443524,10.325858526909716,1
8.458593764467851,4.360527901243251,2
0.820482181197364,0.5072740311072977,0
0.632407739055521,0.9725544496267299,0
-1.6694052811213718,0.543360192379935,0
10.681271409591165,5.382015727681964,2
0.6078965097165392,0.1866091231563581,0
0.5009171876243808,-0.977555244798551,0
5.899518476130778,9.274714469530888,1
9.057910079439264,4.309518460679546,2
2.591449752883249,10.299005925826672,1
9.948908969855804,3.678227244935914,2
-0.06267909727317188,0.9551423205012383,0
0.5298041779152828,1.4415686206579004,0
0.6862601903745135,-1.6127158711896517,0
0.8135172173696698,-1.2308643164339552,0
-1.5341141707356223,1.277676821898509,0
8.84601349935156,6.138336084833952,2
1.3322100937022001,10.072499049687426,1
3.814529969190091,9.10095690193831,1
5.0121814793763235,9.086785414859666,1
-0.0036025390905684044,-1.1583646891925428,0
-0.8084936028931876,-0.5017570435845365,0
9.755913297534486,6.363228859112586,2
8.817160403969092,4.300882346140788,2
7.820389456816052,3.6445620796379887,2
9.062279070900914,3.6779100660701416,2
3.2743621376988696,9.10114234139974,1
0.36163602504763415,-0.6451197546051243,0
7.629089030806255,3.675097514725042,2
10.097346883350397,5.933541694452862,2
9.670301877072475,3.8463263060298623,2
8.372984743207926,5.2859678853604,2
6.912943234249038,4.413580612317284,2
-1.0041407667520679,-0.7677975651041284,0
9.121236182103324,4.031006602020551,2
0.3241663524884421,-0.13014305436768459,0
8.705280826846892,3.3084917106675578,2
-0.5756378262377739,0.12200981464536144,0
8.264104963763568,5.335372493983977,2
4.618771305819735,9.05746255833957,1
10.072505111297733,3.6562603706932517,2
8.949029036526927,5.9929461531259,2
6.20546076858585,9.531496977842524,1
2.86194440427495,10.99227170478234,1
0.07156623721939247,-0.4776574467651167,0
4.399731335173872,8.60547829878624,1
10.451093612389057,5.5230628188598665,2
9.640037734280865,4.6554960767734705,2
-0.759132661553698,0.15039378647620763,0
9.71659882796113,3.4535942912979456,2
-0.1087601484568576,0.40171172209894146,0
10.397078395021602,5.0872962621266655,2
0.5219415656168976,0.29698467323318606,0
3.7259984330375144,9.809519214898618,1
8.916975139098318,3.5044541419457573,2
5.556035732955561,9.532850668271132,1
5.203525294238481,9.335778743140551,1
6.455764737223523,4.788457919671147,2
3.96796058715172,9.03928948525701,1
4.110583047164127,10.185277441060306,1
9.33583061736335,4.154419110066041,2
3.067932345181848,9.134804681037199,1
4.285354351209434,9.785375078150892,1
4.427593956808943,9.897334298750799,1
3.698986963599606,10.123909134128015,1
8.70613454325705,3.664705273808588,2
9.105999753798146,4.747996842259703,2
4.1552581698492626,8.794986862950742,1
10.386639615219071,4.710362166188933,2
-0.07016571145864703,-1.6609609335159914,0
8.553417079919036,3.6006510028359537,2
3.9143123859732833,9.129060141803949,1
-0.2549772174208553,1.5039929885826886,0
-0.4710383056183228,0.2320499373576363,0
4.1949642412031185,10.840394083083389,1
8.416369305987748,6.086271777380051,2
9.245886148976322,4.56113142510359,2
3.7135039286633353,10.021839075934825,1
8.383576016905035,4.217508672443051,2
10.362164283141649,4.183846581236399,2
0.6256673477650062,-0.8571575564162826,0
-2.6968866429415717,-0.05429486651781221,0
-0.6231405264247644,-0.5554771191602547,0
3.5657839204098347,9.562345084850069,1
1.5231240772696573,0.5389100436846587,0
-0.8756182533847572,-1.382799730964336,0
4.867896715595749,8.81334775493953,1
0.09767609854883172,-0.7730097838554665,0
9.809453310289246,4.449349326092704,2
4.408966716639655,8.564479134509572,1
7.321933973173104,5.701761086671148,2
-1.348185422105713,0.743264094022715,0
0.3840654489393073,-0.03269474809409311,0
9.489549960880783,3.650668955520808,2
0.9633761292443218,0.4127809269364983,0
8.924740043552765,3.3838959490032936,2
0.21409374413020396,-1.245738778711988,0
0.8951932200277323,0.6351718016819695,0
-0.03468488738678118,0.23421473253652075,0
4.58251867606087,10.093484347018663,1
2.1130987603972735,10.400100639162144,1
1.1677820616598074,0.2544208433012131,0
2.085073494451416,8.59550533871413,1
10.070306358879913,4.047185321809131,2
4.884141338463807,6.241923760254462,1
-1.4075116947178212,-0.7778166875908753,0
4.680395908225982,7.883889715278903,1
8.02410120299279,4.592519427071398,2
9.100080512720412,4.286893278161219,2
-1.2803043986708944,0.8724573282801447,0
3.627089082783452,8.941829289363174,1
11.887892314657265,5.389212662815476,2
5.010243948590168,10.085705600571009,1
3.5644961773867725,11.214927122008993,1
-0.15800789857898942,-0.42688106994742003,0
-1.8408742313316453,-1.2795769667357015,0
4.664492304770793,8.586993422119619,1
4.916414682635997,9.376968297474665,1
0.05963036992017413,-0.6469367777055739,0
3.0585410079554354,9.224323021494527,1
9.23189291366933,4.304770178642572,2
1.6286155455712918,-1.3801014582148914,0
-0.48943944251822213,1.044160877069072,0
-0.7043436905427592,-1.4084612963635597,0
9.461439146950111,3.9148806008532784,2
5.099228928583338,9.279896052088056,1
10.698359960139674,4.345753974547621,2
1.465648768921554,-0.22577630048653566,0
0.10939479460489289,0.725766623898692,0
10.154650176000851,3.4558143397587964,2
1.8657745111447566,0.4738329209117875,0
-1.6275424378831627,0.048084946661381994,0
9.89537138349619,5.211458968133123,2
9.672569158675556,4.915917048360337,2
8.15602969844558,4.401627737521795,2
9.456016513309955,4.3417175457091846,2
0.5049872789804571,0.8657551941701215,0
9.444217960173447,3.6949249579356187,2
2.4835259568044616,10.88775588163509,1
8.52636037221951,6.35197157283301,2
3.968570981538658,7.680627638983221,1
8.946299184980333,3.5480507321571997,2
3.1841395407974,8.475278220897204,1
5.073517280168906,11.727742780466766,1
0.00511345664246089,-0.23458713337514692,0
9.560595035609373,3.7963426532765263,2
4.055492052640233,7.724464641543172,1
5.499842497662802,9.591713439962131,1
3.859725471645228,9.418340297267758,1
3.8611042698590112,9.955945437648438,1
3.9615648675057478,7.536213326550984,1
4.861328858386584,9.639273308387997,1
9.867692860223116,4.095644749209954,2
10.687220878430749,4.865858906151309,2
4.855588429130892,9.565373500319836,1
2.5733598032498604,0.05921843401448826,0
9.29488521128194,5.977456849593983,2
0.17086543812794186,-0.18398333635267913,0
0.8356921120651418,-1.129706854657618,0
-0.06607979864731657,-1.2110161997624567,0
8.765697038295176,3.346103464242118,2
3.4497453380775864,9.02856933452232,1
3.456829004086895,8.445758158574296,1
10.09104804281549,5.808492812086269,2
1.066674689589154,1.1692955904456728,0
-0.03275327021599839,-0.543424771133765,0
-0.275051697151644,-2.301921164735585,0
3.7816820100666835,8.969357415258141,1
1.3867255137305818,11.429121711038894,1
0.36659824609684827,-0.9398797863273552,0
2.651782356724233,8.545714879295257,1
0.517659020469123,-0.7257438131534656,0
3.334273082711708,11.696378424116403,1
9.938483185143472,3.2374705684572067,2
4.432415476607854,9.14460140825909,1
3.4030701769207155,9.2849721504337,1
0.028744822934817487,1.2784518626072987,0
-0.48760622407249354,-0.4325581878196209,0
0.2029230208512997,-1.515744114997232,0
10.610897040227293,3.4983148625058185,2
3.4597736323986115,10.286624847644907,1
4.380161414886894,9.398852904272058,1
-0.42018681709585726,-0.2817846088605072,0
0.09707754934804039,0.9686449905328892,0
3.4979544100629263,9.30859536082364,1
11.487547338745113,5.628317921024434,2
3.290469934560663,10.512617231618968,1
0.6818914896263114,1.8467073257360336,0
3.2446496333812025,9.570101683122092,1
2.060747924881987,1.7553408424432044,0
3.953121945829027,9.654118356152251,1
-0.5176112990361714,0.2237879516388985,0
3.2623622679083497,11.052210492314938,1
2.74444211447065,8.944519679168433,1
10.440674377635519,5.84073909672367,2
9.038557157003753,4.53847576029163,2
0.11351734525124804,0.6621306745210467,0
8.383342992649036,5.494855875753961,2
0.41343490322370086,1.876795812558066,0
4.444458141125877,9.214184529860564,1
11.038165661552547,4.330615293088148,2
1.0584244868495878,-1.7587394864231143,0
5.526095757975548,9.880306629520044,1
-0.7153037092599682,0.6795977489346758,0
-1.9187712152990415,-0.026513875449216878,0
10.26564878909606,4.9446596694863425,2
6.945716815350046,4.308000915847654,2
8.984123145902243,4.319732881547782,2
11.379413482617355,6.230567290279516,2
2.914474494062869,7.758560973659221,1
0.0773683076476183,-0.8612842013282637,0
0.39445214237829684,-0.42098448082026296,0
-1.183258512665775,-2.0392321777601006,0
2.841322034583121,7.17182254907215,1
-2.123895724309807,-0.525755021680761,0
-0.44004448669698376,0.13074057728609134,0
4.583085633114891,8.804359648692142,1
0.812525822394198,1.356240028570823,0
8.345073168370424,7.016285050495874,2
4.993211897891127,9.017797974494554,1
5.414599655016687,9.646014894737775,1
8.93947542999205,2.8972504173245057,2
1.4027943109360992,-1.4018510627922809,0
-1.3202332070206422,1.8314587658543537,0
9.547313754328094,4.392399405016301,2
5.034896928976258,7.398465359670052,1
8.850931503331125,4.420083017261603,2
4.483531298454013,9.83935188075905,1
9.861600210855908,4.400137153931331,2
3.0765277086825087,9.562240182912241,1
2.7827646224302813,6.985288545495669,1
8.549852266984761,4.8599921305917695,2
2.6902481665689706,9.582781806668292,1
3.8617766363431723,11.280449497060015,1
4.289861318940765,9.113983532057235,1
0.19808476076785494,-0.14436041192394247,0
0.8303358165442456,-0.8560838259088672,0
9.145829106697258,5.336479079205748,2
2.202693036383205,8.332309071951963,1
8.94406259843675,5.088485026105492,2
0.34175597577715944,1.8761708392158862,0
-0.0771017094141042,0.3411519748166439,0
0.5697672802322039,0.44770856001731496,0
10.160784631834552,6.453217208213864,2
2.8324488094578006,8.070376216868958,1
-0.7020530938773524,-0.3276621465977682,0
4.236761327877714,9.627366268595814,1
10.219468864544286,4.423384201699349,2
5.547390443152025,8.68108288186188,1
4.45511430778943,10.76657576157669,1
4.2181115591731695,9.328678818227218,1
-0.9232332461109043,-1.3516846056163336,0
-0.47193186578943347,1.088950596967366,0
3.9299427005832643,8.991177136819664,1
8.90544396480559,4.934117110490462,2
9.490895226993953,5.5068855487040995,2
3.4428489774126447,8.253376424421251,1
-0.3357846992901282,1.669021525289393,0
9.210762051733738,2.600746010510699,2
4.594345651860712,9.371395269711654,1
0.028318376130461172,0.02975613949574519,0
9.567029377492721,4.85684877134413,2
2.6764364857630474,9.738107868444356,1
10.991670948297921,5.206726695309936,2
4.882178914409971,8.38138404987869,1
2.1221561970126332,1.0324652605511468,0
-0.6763923020592697,1.8009404329108156,0
9.269417462164009,3.8580300283772138,2
10.170814650610126,5.453710485660596,2
1.0375399442578992,-0.510016398854747,0
11.694057126492483,4.445563164517401,2
0.9751197334177512,-0.14705738150213865,0
3.412291881533239,9.123726867569873,1
3.3056077787994322,9.72675754286876,1
0.5839281853259639,-0.35929209078705954,0
4.520852697165925,10.247878980404375,1
8.656848227102348,6.136976099595568,2
1.1792971840638264,0.06751848141010895,0
7.921518127028285,5.422498032942481,2
0.0917607765355023,-1.9875689146008928,0
1.246085192497629,-2.0733902324081495,0
-1.0121043752601675,-1.6548566718657693,0
3.3096208278774357,6.547136846303242,1
4.40003907826307,9.31776092038775,1
4.217011460818612,9.971708100057077,1
3.757593717165224,7.256330092950512,1
-2.038124535177854,-1.008086310917404,0
4.075712845202898,10.139225231015292,1
9.735719156377904,4.065766518724714,2
3.7978491802529,11.71788847610247,1
3.3358260747587347,8.4665557705101,1
4.657829939252499,6.289636517818076,1
8.22486915907463,5.209123701272819,2
3.713059404320285,9.15375818602962,1
2.6924943968476747,10.057333312058153,1
10.286673447535941,3.456345086164834,2
2.496558761840559,7.49278039149126,1
-0.9905363251306883,-0.5662977296027719,0
10.14813812901117,5.196422508658831,2
2.870309409625758,9.199858988296123,1
3.2347132249897066,8.65429330439383,1
3.2605685270946254,9.53398267188556,1
9.358510977249102,3.969050533513049,2
4.804447834606468,7.567678534824974,1
11.279625002831091,4.413704583190154,2
10.365475304169136,5.6398577096412055,2
-0.012246772846914623,-0.8972543714858315,0
0.9356783931474612,1.2715550949941588,0
10.010094229390258,5.833588877406514,2
8.756444505435619,5.349613687794734,2
0.650201177958661,-0.09917586377938291,0
0.8723206367206782,0.18334200573835174,0
-0.637739984251316,-0.5309969550018176,0
0.2799686263198203,-1.1254890472983765,0
4.036550133747731,9.503140140914377,1
9.288380734882363,2.9741351312023125,2
2.8857999039985804,8.4604341679233,1
9.692052456806978,3.5073058472846084,2
10.939454131796786,5.601467148383261,2
1.3821589910375272,0.6487098875896427,0
1.4618909683312133,10.022224534809201,1
10.486739928452705,5.946084290448334,2
8.299682287419497,3.7095385326408477,2
9.961313182461986,3.057304385979087,2
10.712715027728487,4.147306719830662,2
10.39066716860451,4.055068100321917,2
0.024510174258942714,0.49799829124544975,0
4.009336035388641,9.68966451448862,1
4.505285489609353,11.19567460815985,1
8.175695656116751,5.434340792796627,2
12.424371318353074,5.849287955654239,2
8.744320617328876,5.362530224841072,2
-0.24717738252059693,-0.6819842479977986,0
3.80648983735844,9.590550934697886,1
1.5795721457307124,-0.5228600271532683,0
3.4184300272922634,9.484683020178867,1
9.822953376582685,4.1173798108039,2
3.664877605018383,8.86136583855923,1
10.024160728361712,4.349652581363754,2
5.51956276090525,7.991833745429464,1
-0.23093453020867796,0.6962063648134184,0
4.686540753831837,9.892470468261726,1
2.698532809574642,9.44799984867518,1
3.6612752467960763,8.488176557624692,1
0.4810092317367132,0.22388402427913137,0
-1.7249178325130328,-0.5622875292409727,0
0.7109599682034915,0.44426331148603976,0
9.429764647743106,4.1803720415194086,2
3.7548742615118504,9.21503102140692,1
-0.2525681513931603,-1.2477831819648495,0
8.790647067284345,5.395233974080221,2
8.971097062036677,4.523085701815806,2
3.751822487133607,9.948987411607934,1
-1.0372461543264564,-0.1903386780836082,0
9.41351269318422,5.084049893003517,2
-1.3281860488984305,0.19686123586912352,0
0.35701548596504734,-0.6929095952606542,0
-1.2899608997410539,-1.295078772063616,0
1.179440120721287,-0.4691756521047048,0
1.6324113039316352,-1.4301413779606327,0
9.181309945380166,4.533009123059386,2
9.432453511732774,4.662631109725847,2
9.009471323926185,4.453770663350757,2
9.94194787501043,6.1256146020768325,2
9.343804297372682,5.430655546358959,2
9.827781861401228,4.034257008503772,2
7.95810319637267,5.355187542439218,2
9.635295118897137,5.1063911110849975,2
0.19652116970147013,0.7090037575885123,0
1.5033983017671506,0.8773622905756714,0
10.168755804958343,4.212595734998323,2
5.270404047114673,9.702088258500511,1
0.19905969557347003,-0.6002168771587947,0
10.04588989026388,5.572793035450314,2
4.422641072174558,8.239711156657114,1
2.8965030920338175,10.078950326436367,1
4.839256273980242,9.651264558545444,1
0.8711247034316923,-0.32602353216784113,0
4.594239905292746,10.094881455242735,1
3.8529012379596943,8.930062281175612,1
8.636691094597118,3.717927452633995,2
0.3801978510059632,0.6105857452838231,0
9.563934484005786,4.8019240823230485,2
0.7472936051232618,0.6103702654334648,0
0.5906548306923093,1.1087035805829077,0
9.847382365651212,4.993767570585381,2
10.258667402326944,4.353069488872957,2
4.64505981839092,9.419370562417527,1
9.684936308318974,4.112972189285405,2
9.570621092485657,4.341160158835203,2
2.780426560118219,8.923258108159416,1
4.346103371543271,8.460463768696046,1
4.882398048051295,8.64442255528684,1
-0.5138669173366935,-1.0592135218889516,0
2.8868289963092444,8.633404217219935,1
5.2763387776214685,9.695989444800015,1
-2.6197451040897444,0.8219025043752238,0
-0.045586016355497805,0.24333944932269183,0
0.29612027706457605,0.26105527217988933,0
10.216101238464475,4.091394808445867,2
2.3152550765356557,8.011411669538347,1
4.139870890098728,9.605872310213584,1
11.230752591359838,6.177628100132309,2
7.598724187002475,5.224319820883589,2
-0.5302576183724408,-0.7928728322623442,0
3.3374063208631934,9.231024039589267,1
10.655002101405058,4.79871600587081,2
4.726751255108708,9.68491270664953,1
2.982429367874027,9.462538420169755,1
9.64711623283788,5.157859594902236,2
0.23561455810856594,0.7708651938869668,0
10.282399489681659,3.6310621752129837,2
-0.47917423784528995,-0.18565897666381712,0
-0.8254971967925115,-0.32138584165299344,0
-0.9194242342338032,1.5499344050175394,0
10.145757510285561,3.5327511418772968,2
3.304450314655511,8.123422407755285,1
1.5655240292343404,-0.0657502610729878,0
-0.6997255079925856,0.213979910734222,0
-1.7131345290908775,1.3538723741654128,0
3.703234787499315,10.513055557596337,1
9.091305621091998,4.854808581169147,2
10.492938359887852,4.8761036857431,2
9.901164099237384,4.623756152333205,2
4.263231622506342,9.108916324763173,1
0.22213377163371284,-0.4787486216634773,0
4.174824857884012,9.398500977219372,1
12.096069984074324,3.492641349143289,2
8.778505074614774,5.186634942002179,2
3.7749051672554548,8.234271496983363,1
3.906924936279563,8.410176197219018,1
3.7056513150135295,12.331286706293012,1
3.3575145468543983,9.724543157203245,1
0.47323762457354485,-0.07282891265687277,0
4.538454107017575,7.561786981463902,1
3.691222948251474,10.271949235315216,1
9.140139111872896,4.9469462094070735,2
-1.0212328171307132,0.7083564472993533,0
-0.23894804686640975,-0.9075636620415979,0
9.285237858042855,4.2471629521070255,2
0.7384665799954104,0.1713682811899705,0
0.28099186773503265,-0.6226995198205938,0
-0.6017066122293969,1.8522781845089378,0
2.0109587589584104,9.25320521759557,1
3.8873367039663793,8.32109050737996,1
9.983545532718939,8.53084608135378,2
4.342019000685762,11.303181483349235,1
8.650762731516675,3.996018651677752,2
4.436183327628707,8.169834683584517,1
0.32692737376416264,-0.21910052880886424,0
5.20324629594402,9.020110611457072,1
4.274709833135119,11.631178655880943,1
1.9925165616503693,9.35147284582109,1
9.435969605416718,4.47011159051572,2
0.8696059201056602,1.355637858804951,0
2.4457519796168263,0.1292211819752275,0
-0.7563507452843033,-1.4222537095976742,0
0.6585442726728304,2.0102045387663496,0
-0.22096417382966393,0.02688583899453078,0
4.524182330044912,9.63902361339261,1
0.6385924587773739,-1.6615200622689599,0
3.276619026444872,8.951207835462705,1
10.952211319162624,3.4368288236495177,2
9.951634662400568,5.11007853408408,2
0.8406435489887241,-0.6526239793023909,0
1.6871416350725648,0.8816397569494505,0
4.352561211037681,9.102537656150668,1
8.652856960662149,5.725639042241924,2
-0.19236096478112252,0.30154734233361247,0
4.407253656983493,9.783394724398208,1
3.4388093329454037,10.419195500183264,1
1.7654542402810969,0.40498171096095553,0
4.012510808150567,11.077108137506436,1
-0.6626237589458467,0.5705986685931593,0
4.099327856841844,8.386209806709333,1
5.96139210122942,8.448991320358584,1
10.031830017578107,3.269126805817561,2
3.2170584899442383,10.178083825844228,1
11.467792246212467,3.8379517871341045,2
9.061671359622704,6.492296032257643,2
-1.377669367957091,-0.9378250399151228,0
-0.3427145165267695,-0.8022772692216189,0
-0.661786464768388,0.852433334796224,0
9.10476879445432,3.19904135573881,2
3.1001417680962056,7.806946184890373,1
0.4933179008808892,0.1848361236948739,0
3.050784175344398,11.28332826622154,1
8.78056376195529,4.195325936804348,2
4.067152787307862,7.841347190492305,1
8.28586500017702,6.247281328173416,2
1.7976865268495226,0.6408428612670098,0
-0.6248185776956788,0.026091050210833786,0
7.88929358080639,2.7246839897784074,2
11.53182045787389,3.473719939591537,2
4.886713546647133,8.467558929371506,1
-1.8707919210258557,-0.35151348404130867,0
-0.07201012158033385,1.0035328978920242,0
8.47946149825412,5.25574461674111,2
3.1436606429061067,7.818156627227446,1
9.372022132895301,2.961419563763285,2
11.4995865163312,3.241434370324642,2
11.148728983342886,5.9450694267078,2
1.2669111491866227,-0.7076694656187807,0
9.116936741023126,3.9570665692822935,2
3.7190095148177433,9.420759088936451,1
4.169419100150297,8.879274164744075,1
9.650488311952861,7.5898673775208625,2
0.04852162794482699,-0.8309501164110378,0
0.045571839903813784,-0.6516003476058171,0
-0.10703035995455783,-1.035242322419374,0
10.323707775249634,2.3577190409328472,2
3.934991298929859,9.178770829652034,1
-1.1913034972026486,0.6565536086338297,0
9.944544482852875,3.0690362517103464,2
9.115647220591887,4.905715714109195,2
4.209298942788936,8.990576552149482,1
2.980398927741536,8.484412799799331,1
4.6229751256965885,8.856851581329938,1
3.513924452533102,10.226927758152337,1
1.277664895788425,-0.5915713888358299,0
11.22486079724977,5.986062453607939,2
9.665912484309374,5.545918955684936,2
-0.0952955323869521,0.27902152577033923,0
5.1758839826869005,9.81136048971811,1
0.9843223984765838,-0.21398884422550896,0
4.441735694607603,9.227759819703401,1
5.7594290048217,10.218227204162801,1
10.738983570699018,3.758292397451717,2
5.960213898354128,8.218794546861728,1
8.576492844721221,3.2742947491784626,2
3.953986739131558,9.99095281357037,1
7.696689309037832,4.92426020083643,2
5.103289749429651,10.659495190370603,1
0.3686733088729012,-0.3933388123273607,0
-0.8583577801812136,0.7003098794089914,0
5.113800221077447,7.928538119756946,1
7.03645973476792,4.470329212731149,2
8.1366710933211,5.297526997949063,2
9.974962003347283,5.076610645836727,2
1.073631749859772,-1.0265152994110602,0
4.519908109536253,9.55197823589965,1
8.996439437035944,3.741832610874332,2
0.6327818661062848,2.270692857804396,0
10.115756688245172,4.414105268919641,2
4.045987620601555,8.110503997522194,1
9.581171346159582,5.1890213553899365,2
9.865741742973238,4.501386621984956,2
3.920214696863381,8.368205907389509,1
-1.0016200098949155,-0.2811002928859549,0
-1.280429352496283,1.7547941819843647,0
0.24938368371075526,1.5774532797634744,0
3.672688357673947,10.628905275298104,1
0.8576596232020194,-0.1599385299634271,0
11.30783393652355,5.418760137035719,2
2.8947388791478477,6.984789024844437,1
-0.6373871273065177,1.1890165311075518,0
3.752114061931237,9.15286733317735,1
8.691511227457951,3.914067322601193,2
3.9297336749766085,10.833230178878905,1
3.815632450545064,9.624680782274353,1
9.349822633041448,4.9324878990768095,2
3.2401670494796195,8.338987131797898,1
4.942188037670206,9.361418052577312,1
10.154419668482545,4.302562875427588,2
11.470944382828312,7.714526930922814,2
7.867717028675375,3.8418835963512383,2
0.9540017634932023,0.651391251305798,0
-0.6115178029919482,-1.4066610968482223,0
5.4984094865928,10.453093592032198,1
3.990332332556031,9.07558601054863,1
2.6565816341517383,9.634878361684674,1
0.12029563171189886,0.514438834058749,0
-1.006017381499702,-1.2141886127877322,0
-0.718444221252436,-0.21344715171184725,0
2.813992216618548,6.216828654953544,1
0.06980208499001891,-0.3853135968617602,0
3.659647129754323,8.178739901724672,1
4.652211506988845,10.365112362332459,1
9.032232871915866,4.1251154075182095,2
8.18301419793873,5.294316180162647,2
-0.12791759148076653,-0.9555404406004258,0
9.559103520973709,6.015067520120956,2
4.624941709491658,9.753546622461204,1
7.563021917624572,4.535974328831984,2
9.299712947545133,5.273263179675359,2
9.700584815085291,4.235081446084094,2
5.082762715249806,8.528396234128769,1
-0.8397218421807761,-0.5993926454440222,0
4.805360163179358,8.470035052909157,1
-1.448013900416244,-2.198805956620082,0
6.057073946101969,8.962293326015814,1
0.09612077694098337,-0.4622752887050425,0
9.154609267487157,6.399819730829774,2
2.8795886633245136,10.278057699577197,1
9.97594261442556,4.654382062098413,2
9.819064774594235,4.555956023347001,2
4.008801544598951,10.762857596917712,1
0.11422764866203965,0.1503017614618776,0
7.263414981714842,6.138042076213778,2
8.215112127871768,3.988246966877975,2
0.40825275571447184,-1.7025836042378404,0
9.123862657330616,6.16802173374956,2
0.8995998754332507,0.30729952087660933,0
-0.6269670577877674,1.8124485579969287,0
10.232065573031331,5.217077168931055,2
-0.39210815313215763,-1.4635149481321186,0
-0.1769472274940494,-0.7982972445384537,0
-1.2608839543350452,0.9178619470547761,0
9.090255081331485,4.9875973596583805,2
8.732792660505964,4.119302539549584,2
0.1664522082130561,0.4924512640081491,0
10.304751734976097,4.410782236144649,2
3.9745381148960024,10.615709219503414,1
3.197980883426431,11.39061494379246,1
-1.4785219903674274,-0.7198442083947086,0
8.37041409998183,4.825149801931319,2
2.479813764932321,9.055073565819457,1
4.087230275319122,10.188833534455764,1
0.6218099622171964,-1.5702247198904564,0
5.498351856859579,10.035018454313683,1
-0.013497224737933921,-1.0577109289559004,0
4.429731383198587,8.767564806362046,1
11.346242068416132,4.994222552288356,2
2.2709994126986457,10.302918492905324,1
7.77140530621763,3.680142386787898,2
0.8128621188389601,0.6296288419236122,0
3.8034505427614556,9.016431630064869,1
5.480636291829127,8.291217790129824,1
5.942338358544477,8.034970772726469,1
0.8339221545489041,0.4591800792284367,0
3.113253560780546,9.545231425572688,1
9.740639242443978,4.02184971730587,2
0.33126343140356396,0.9755451271223592,0
9.500665313586758,2.6849352187197963,2
-0.5172884501003722,1.40934744018558,0
2.7898561417089534,7.698128255853858,1
4.479687950885017,6.197790503783871,1
-0.9080240755212109,-1.4123037013352915,0
8.640133991414325,6.694147096612226,2
3.339886780351672,9.529983143850698,1
9.449702580852355,2.835532470028334,2
11.901993379389872,5.037568200278149,2
1.5505004928140769,-0.998354040738791,0
-2.4716445001272893,-0.7968952554704768,0
2.8210175655287824,8.832954434093484,1
9.799333921265909,3.456916985101785,2
0.25049285034587654,0.3464482094969757,0
10.030789539386596,3.685921863431358,2
1.6654744444625766,1.0143700650181304,0
0.07580455819372633,-0.6771617115121117,0
3.6596523367026284,9.50554464526433,1
-0.6127886904843862,-0.38770155993598415,0
2.9036438350658456,8.913545988451126,1
-0.5711789897827968,0.5725827813561586,0
4.295949885532668,8.89692148382961,1
0.41293145427562433,-0.5637245528039747,0
3.942781153501262,9.667871892804882,1
2.6422679932128696,8.445273940652244,1
3.5236902872010227,8.018509243822008,1
5.214325370453213,9.69440914784881,1
0.06752820468792384,-1.4247481862134568,0
10.548254940810361,6.968480869536814,2
4.850010345399065,11.348702140039503,1
4.005711597018308,8.165110197566596,1
0.324083969394795,-0.38508228041631654,0
8.689290860409367,3.2235637717636774,2
11.437864083575143,4.6083040467653,2
0.26705026586925884,0.889630795623437,0
9.059082488159095,3.4745390358770947,2
3.5208096772920463,9.32285944431306,1
